label,address_freeform,address_locality,address_region,address_postcode,address_country,phone,base_address_freeform,base_address_locality,base_address_region,base_address_postcode,base_address_country,base_phone,match_score,pred_label,llm_same_place,llm_confidence,llm_reason,llm_correct,baseline_correct
1.0,avenida carlos cano,los barrios,,11370,ES,34956621050.0,avenue carlos cano glorieta la montera,los barrios,cadiz,11370,ES,956621050.0,0.6555555555555556,1,1,0.9,"Same city, postcode, country and phone number; address names match in essence.",1,1
0.0,609 west maple avenue,springdale,ar,727645335,US,4797515711.0,609 west maple avenue,springdale,ar,72764,US,4797571000.0,0.7231157810375861,1,1,0.95,"Same street address, city, country and region; phones differ very slightly.",0,0
0.0,688 9th avenue,new york,ny,100363657,US,2127574555.0,445 west 45th street,new york,ny,100363502,US,2125814269.0,0.3826549940057846,0,0,0.99,"Different street numbers, names, and phone numbers; no matching address fields confirm separate places.",1,1
0.0,401 east chestnut street unit 790,louisville,ky,40202,US,5025838303.0,401 east chestnut street unit 510,louisville,ky,40202,US,5025884800.0,0.6713094673154034,1,0,0.35,"similarity and baseline suggest match, but unit numbers differ (790 vs 510)",1,0
1.0,avenida capitao inacio prata sn,sao goncalo do amarante,ce,62670000,BR,,rua capitao inacio prata south north,,,62670000,BR,8533156140.0,0.6789174836831675,1,0,0.85,Street name and city data differ; similarity is high but address mismatch overrides.,0,1
1.0,825 east 1180 south,american fork,ut,840033918,US,8014205260.0,825 east 1180 south suite 300,american fork,ut,84003,US,8014205260.0,0.914717923362809,1,1,0.99,"Same street address, city, postcode prefix, country, and phone; suite suffix is the only difference.",1,1
0.0,,,,,TR,,,,,,TR,905335465340.0,0.1206249488931075,0,0,0.12,"Low similarity, baseline says different, address fields too sparse to confirm match.",1,1
0.0,calle milicias 4,logrono,,26003,ES,34941261490.0,parque del carmen 6,logrono,,26003,ES,34941244211.0,0.3682818083590775,0,0,0.85,"Street names and numbers differ, so they are distinct places despite same city and postcode.",1,1
1.0,alliance hospital vijay colony road near porwal paint house,,,444606,IN,917212993929.0,alliance hospital vijay colony road near porwal paint house rukhmini nagar,amravati,maharashtra,444606,IN,9209193400.0,0.7999999999999999,1,1,0.85,"Same postcode, both mention Alliance Hospital on Vijay Colony Road; near-identical address despite slight suffix and different phones.",1,1
0.0,1100 west stewart drive,orange,ca,928683849,US,7147718033.0,1000 west la veta drive 1st floor,orange,ca,92868,US,7147346220.0,0.6675586894508643,1,0,0.93,Street numbers and street names differ; phones differ.,1,0
1.0,275 rainier avenue south,renton,wa,98057,US,8667332693.0,275 rainier avenue south,renton,wa,98057,US,8667332693.0,0.95,1,1,1.0,identical address and phone,1,1
1.0,4084 nc 42 highway west,garner,nc,275298424,US,9195535739.0,4084 north carolina 42,garner,nc,27529,US,9195535739.0,0.6712917881478934,1,1,0.95,"High similarity score, baseline match, identical phone, and matching address parts (4084 nc 42 = 4084 north carolina 42; same city, postcode, country).",1,1
1.0,133 bow valley trl,canmore,ab,T1W,CA,4036883400.0,133b 306 bow valley trail,canmore,ab,T1W0N2,CA,4036883400.0,0.6618233823578447,1,1,0.95,Both in Canmore with identical phone; slight street-number difference (133 vs 133b unit 306) is minor.,1,1
0.0,160 north eagle creek drive,lexington,ky,405092121,US,8599675737.0,150 north eagle creek drive,lexington,ky,40509,US,8599675000.0,0.7733686076588489,1,0,0.9,"Street numbers differ (160 vs 150) and phone numbers differ, outweighing high similarity score.",1,0
0.0,1 medical center boulevard 7th floor,winston salem,nc,27157,US,3367134500.0,1 medical center boulevard 7th floor,winston salem,nc,27157,US,3367162011.0,0.7923010652419931,1,1,0.92,Every address component matches and similarity score is high; differing phones but within same large facility.,0,0
0.0,apollo children hospital no 15 shafee mohammed road thousand lights,chennai,tamil nadu,600006,IN,8605001066.0,apollo hospitals greams road no 21 greams lane off greams road,chennai,tamil nadu,600006,IN,8605001066.0,0.5308674998307756,0,0,0.85,same city and phone but different street names and numbers,1,1
1.0,501 north mt vernon avenue,san bernardino,ca,92411,US,9093841080.0,501 north mt vernon avenue,san bernardino,ca,92411,US,9093841080.0,1.0,1,1,1.0,identical address and phone,1,1
1.0,Dong Jing Du Zu Li Qu Qian Zhu 3Ding Mu 92,Zu Li Qu,,1200034,JP,81343765222.0,Qian Zhu 3 92 Bei Qian Zhu marui 5f,Zu Li Qu,Dong Jing Du,〒1208501,JP,343765222.0,0.5052337026518146,0,1,0.85,"High similarity score, baseline prediction agrees, cities and country match, phone numbers are the same, addresses describe the same building.",1,0
1.0,4141 north rockton avenue,rockford,il,61103,US,8153161500.0,4141 north rockton avenue,rockford,il,61103,US,8153161500.0,1.0,1,1,1.0,All address components and phone numbers are identical.,1,1
1.0,203 jamestown boulevard,rogersville,mo,657426526,US,4175800291.0,203 jamestown boulevard unit c,rogersville,mo,65742,US,4178639455.0,0.6975,1,1,0.9,"Same street number, city, region, country; similarity and baseline indicate match though unit suffix and phone differ",1,1
1.0,4514 u south 2,havre,mt,59501,US,4064146076.0,4500 u south 2,havre,mt,59501,US,4062655428.0,0.650609061538858,1,0,0.93,Street numbers differ (4514 vs 4500) despite same city/postcode.,0,1
0.0,8296 old courthouse road,vienna,va,221823852,US,7038488889.0,8320 old courthouse road 130,vienna,va,22182,US,7033564900.0,0.6118474471270798,0,0,0.78,"High similarity but baseline says different; street numbers differ (8296 vs 8320) and phones differ, so they are distinct places.",1,1
0.0,4 rue des cloutiers,brive la gaillarde,,19100,FR,33755630052.0,,,,,,33686422761.0,0.0,0,0,0.1,"B lacks all address data, so they cannot be confirmed as the same place.",1,1
1.0,720 boston tpke,shrewsbury,ma,015454166,US,8005118940.0,720 boston turnpike,shrewsbury,ma,01545,US,8005118940.0,0.977777777777778,1,1,0.98,"Nearly identical addresses (tpke≡turnpike), same city/postcode/country, identical phone, high similarity score.",1,1
1.0,11 martins lane,exeter,eng,EX11EY,GB,441392272040.0,1 3 martins lane,exeter,,EX11EY,GB,1392272040.0,0.72,1,1,0.95,"High similarity score and matching city, postcode, country and phone number indicate the same place despite slight address formatting difference.",1,1
1.0,1226 gardiner lane,louisville,ky,402131834,US,5024510595.0,1226 gardiner lane,louisville,ky,40213,US,5024510595.0,0.871009886931692,1,1,0.99,"High similarity score and baseline match, all address components and phone number identical.",1,1
1.0,2401 north 1 35 east,waxahachie,tx,75167,US,9729380444.0,2401 north 1 35 east,waxahachie,tx,75167,US,9729380444.0,0.8490885839401334,1,1,0.99,All address fields and phone numbers are identical.,1,1
1.0,ctra torroella l estartit km 4 3,l estartit,girona,17258,ES,639408590.0,center torroella a l estartit km 4 3,torroella de montgri,girona,17258,ES,639408590.0,0.9769230769230768,1,1,0.98,"High similarity score, baseline match, identical postcode/phone, and address differences are only phonetic spelling variants.",1,1
1.0,rua 5 de outubro 33c,cascais,,2775562,PT,351217241624.0,rua 5 de outubro 33 c east d,cascais,lisbon,2775562,PT,217241624.0,0.8250000000000001,1,1,0.92,"High similarity, baseline match, cities and postcodes identical, phones same, only minor suffix difference in street number.",1,1
0.0,1 3 grove road,heron cross,,ST43AY,GB,1782311966.0,hines street,,,ST43AT,GB,441782312671.0,0.3261079618360948,0,0,0.95,"Different street names, postcodes, and cities; similarity score is low.",1,1
0.0,759 chestnut street,springfield,ma,01199,US,4137945600.0,759 chestnut street,springfield,ma,01199,US,4137945600.0,0.935219638087249,1,1,0.94,Identical address fields and phone number confirm same location.,0,0
0.0,1800 carl d silver parkway,fredericksburg,va,22401,US,5407862090.0,1800 carl d silver parkway,fredericksburg,va,22401,US,5405488095.0,0.7006942036068307,1,1,0.95,"All address components match; only phone numbers differ, likely alternate lines for the same location.",0,0
0.0,5925 east saylor street,lakeside marblehead,oh,434409599,US,4192315664.0,5925 east saylor street,lakeside marblehead,oh,43440,US,4197020589.0,0.6288881509285924,0,1,0.85,same address and city with only differing phone but very high similarity score and baseline 1.,0,1
0.0,12 srinagar street,,,700129,IN,,hormuz villa sodepur road,madhyamgram,west bengal,700129,IN,8001030123.0,0.2280972222222222,0,0,0.75,"Street addresses differ and no city given for A, so cannot confirm same place despite matching postcode and country.",1,1
1.0,90 colesbourne road,cheltenham,,GL516DN,GB,1452538638.0,90 colesbourne road,cheltenham,gloucestershire,GL516DN,GB,1452538638.0,0.95089216014613,1,1,0.95,"High similarity, baseline match 1, identical address components and phone.",1,1
1.0,6300 west parker road,plano,tx,750938100,US,9729817870.0,6300 west parker road 322,plano,tx,75093,US,9729817870.0,1.0,1,1,0.95,"High similarity, baseline match, identical phone, and matching street/city/country with only a suite number difference.",1,1
1.0,37 silvester way,fleet,eng,GU520RG,GB,441252625464.0,37 silvester way church crookham,fleet,,GU520RG,GB,1252625464.0,0.676,1,1,0.92,"Same street number, name, city, postcode and phone normalize to match; region blank is minor.",1,1
1.0,8996 mike garcia drive,manassas,va,201095455,US,7036591369.0,8996 mike garcia drive,manassas,va,20109,US,7036591369.0,0.9975310344827586,1,1,0.9977,"High similarity, baseline predicts match, address and phone are identical after postcode trim.",1,1
1.0,1006 south county road,toledo,ia,52342,US,6414848801.0,1006 south county road,toledo,ia,52342,US,6414845151.0,0.7080778744318442,1,0,0.85,Phones differ while address fully matches; similarity 0.708 and baseline 1 still leave a phone conflict leading to different places.,0,1
1.0,300 martin street,greenville,oh,453311804,US,9372030373.0,300 martin street,greenville,oh,45331,US,9372030373.0,0.95,1,1,0.98,All address fields and phone number match; only postcode format differs slightly.,1,1
1.0,172 east 12300 south,draper,ut,84020,US,8014953424.0,172 east 12300 south street,draper,ut,84020,US,8014953424.0,0.95,1,1,1.0,Full address match and identical phone number confirm same place.,1,1
1.0,266 south beverly drive,beverly hills,ca,902123805,US,3107347556.0,266 south beverly drive,beverly hills,ca,90212,US,3107347556.0,0.8798269028944289,1,1,0.98,All address fields and phone numbers match; only ZIP differs by an appended +4.,1,1
1.0,6363 main street,zachary,la,707914084,US,2256588510.0,6363 main street suite east,zachary,la,70791,US,2256588510.0,0.8536207315747014,1,1,0.95,"Identical street numbers, matching phones, and same city/region/country confirm the same place.",1,1
1.0,2811 warners road,warners,ny,13164,US,3156723398.0,2811 warners road,warners,ny,13164,US,3156723398.0,1.0,1,1,1.0,all address components and phone identical,1,1
1.0,18 bull temple road,bengaluru,ka,560004,IN,918147090194.0,17 bull temple road basavanagudi,bengaluru,karnataka,560004,IN,8147090194.0,0.6444401212353268,1,0,0.95,"Street numbers differ (18 vs 17) despite high similarity and matching city, postcode and phone.",0,1
1.0,11756 borman drive,street louis,mo,631464127,US,3144735141.0,11756 borman drive,saint louis,mo,63146,US,3144735141.0,0.9625,1,1,0.98,"High similarity score, baseline match=1, identical street address, city names are equivalent (street/saint louis), same phone number.",1,1
1.0,1060 woods mill road,chesterfield,mo,63017,US,6362272770.0,1060 woods mill road,chesterfield,mo,63017,US,6362272770.0,0.95,1,1,1.0,All address components and phone numbers are identical.,1,1
1.0,via cenisio 61,milano,25,20154,IT,390233603122.0,via cenisio 61,milano,mi,20154,IT,233603122.0,0.6634564317242835,1,1,0.95,"Both records share identical address components and phones differ only by country prefix, confirming the same place.",1,1
0.0,1530 east williams field road suite 206 210,gilbert,az,85295,US,,1530 east williams field road,gilbert,az,85295,US,3039970775.0,0.7777394295574181,1,1,0.95,"High similarity and baseline prediction match, addresses are on the same street with only suite detail difference.",0,0
0.0,5435 sugarloaf parkway,lawrenceville,ga,300435700,US,6785481918.0,5425 sugarloaf parkway suite 1103,lawrenceville,ga,30043,US,4702826178.0,0.7663905240063409,1,0,0.9,"Street numbers differ (5435 vs 5425) and phone numbers differ, so they are different places despite high similarity.",1,0
1.0,113 west chestnut street,jeffersonville,in,47130,US,8122807772.0,113 west chestnut street,jeffersonville,in,47130,US,8122807772.0,1.0,1,1,1.0,all address fields and phone numbers are identical,1,1
1.0,1113 lake murray boulevard,irmo,sc,29063,US,8037697313.0,1113 lake murray boulevard,irmo,sc,29063,US,8037697313.0,0.95,1,1,0.99,All fields including phone number are identical.,1,1
1.0,2518 north military avenue,oklahoma city,ok,731065665,US,4055211902.0,2518 north military avenue 101,oklahoma city,ok,73106,US,4055211902.0,0.9,1,1,1.0,"identical full address, matching phone number, and unit suffix confirms same property",1,1
1.0,25 pho nguyen hoang,quan nam tu liem,,12014,VN,84968964286.0,25 pho nguyen hoang,quan nam tu liem,,12014,VN,8419007334.0,0.6469754001880271,1,1,0.99,all address fields identical & high similarity score confirm same place,1,1
1.0,420 east macdade boulevard,folsom,pa,19033,US,8447475435.0,420 macdade boulevard,folsom,pa,19033,US,8447475435.0,0.8684570952110651,1,1,0.95,"matching similarity and baseline plus identical street number, city, postcode, country and phone.",1,1
0.0,7600 east orchard road,greenwood village,,801112476,US,3034880475.0,7600 east orchard road suite 300n,greenwood vilge,,80111,US,,0.6565055538112883,1,1,0.98,"High similarity score, baseline match=1, identical street number/name/city/country and overlapping postcode.",0,0
1.0,30825 ryan road,warren,mi,48092,US,5867512900.0,30825 ryan road,warren,mi,48092,US,5867512900.0,0.9381679034077396,1,1,0.99,identical address and phone number confirmed,1,1
1.0,2110 south reserve street,missoula,mt,59801,US,4065490094.0,2110 south reserve street,missoula,mt,59801,US,4065490094.0,0.95,1,1,1.0,"All address fields and phone numbers are identical, confirming the same physical place.",1,1
1.0,miskolctapolcai ut 25,miskolc,,3518,HU,3646561561.0,miskolctapolcai ut 25 27,miskolc,borsod abauj zemplen,3519,HU,646561561.0,0.7,1,0,0.95,Postcodes differ (3518 vs 3519) and similarity 0.7 < 1 with baseline 1 overridden by address mismatch.,0,1
1.0,6749 ogden avenue,berwyn,il,604023604,US,7084849060.0,6749 ogden avenue,berwyn,il,60402,US,7084849060.0,0.95,1,1,0.99,"Addresses and phones identical except trailing zip digits, same place",1,1
0.0,1515 harrison avenue northwest,olympia,wa,985025352,US,3604366313.0,1722 harrison avenue northwest,olympia,wa,985025200,US,3602800509.0,0.587109531194911,0,0,0.98,street numbers differ (1515 vs 1722),1,1
1.0,811 collins boulevard,covington,la,70433,US,9858984964.0,811 collins boulevard,covington,la,70433,US,9858984964.0,0.95,1,1,0.99,all fields identical,1,1
0.0,249 john street,south amboy,nj,088791796,US,7327441749.0,140 broadway north,south amboy,nj,088791642,US,7325255924.0,0.3861249385373779,0,0,0.9,"Different street numbers, street names, and phones confirm distinct places despite same city.",1,1
1.0,richardson road corder drive,,,2570,AU,61435914137.0,richardson road corder drive,spring farm,new south wales,2570,AU,435914137.0,0.7901435839881494,1,1,0.88,"same street and postcode, phones match (ignoring 61 prefix), similarity and baseline strong",1,1
0.0,rua duque de caxias 389,barra mansa,rj,27345010,BR,5524992941319.0,avenida joaquim leite 509,barra mansa,rj,27345390,BR,552433239163.0,0.3720848307292602,0,0,0.95,Addresses differ in street name and postcode; phones also differ.,1,1
1.0,805 north main street,celina,oh,45822,US,5675105908.0,805 north main street,celina,oh,45822,US,5675105908.0,1.0,1,1,1.0,All address fields and phone numbers are identical.,1,1
1.0,6106 gunn highway,tampa,floor,33625,US,8139624420.0,6106 gunn highway,tampa,floor,33625,US,8139624420.0,1.0,1,1,1.0,All address fields and phone numbers are identical.,1,1
0.0,8800 rosedale highway,bakersfield,ca,93312,US,6618294641.0,8800 rosedale highway next to home depot walmart,bakersfield,ca,93312,US,6618294653.0,0.699313487719877,1,1,0.85,"Same address, city, and postcode; adjacent description ignored; phones differ by only last two digits; high similarity and baseline support match.",0,0
0.0,hamam sokak 1,luleburgaz,,39750,TR,902884125378.0,dere mah,,,39750,TR,,0.2412803143822657,0,0,0.24,"Low similarity, baseline says different, and addresses do not match (street name and city differ).",1,1
0.0,8000 five mile road suite 305,cincinnati,oh,45255,US,5132323500.0,7500 state road,cincinnati,oh,45255,US,5136244500.0,0.5091576969516534,0,0,0.5,Street numbers (8000 vs 7500) and street names differ; similarity score just above 0.5 but baseline prediction already 0.,1,1
1.0,1218 troy schenectady road,latham,ny,12110,US,5187858800.0,1218 troy schenectady road,latham,ny,12110,US,5185811200.0,0.6,0,1,0.95,"identical address components and same place type, despite different phone numbers",1,0
1.0,nelblingstrasse 13,wurmlingen,bw,78573,DE,4974611718009.0,nelblingstr 13,wurmlingen,baden wurttemberg,78573,DE,,0.6673913043478261,1,1,0.9,"High similarity score, baseline prediction matches, and all key address components align despite minor street abbreviation.",1,1
1.0,london road,dorchester,,DT11NE,GB,441305266066.0,london road,dorchester,dorset,DT11NE,GB,1305555700.0,0.6388247485117606,1,1,0.95,"high similarity score and baseline prediction agree, and addresses match completely apart from optional region field",1,1
1.0,1766 palo verde avenue,east palo alto,ca,96303,US,4089844462.0,1766 palo verde avenue,east palo alto,ca,96303,US,4089844462.0,1.0,1,1,1.0,"perfect similarity score, baseline prediction 1, and every address component matches",1,1
1.0,69005 main street,blountsville,al,35031,US,2054293351.0,69005 main street,blountsville,al,35031,US,2054293351.0,0.95,1,1,1.0,all address fields and phone identical,1,1
1.0,13321 north meridian avenue,oklahoma city,ok,731208315,US,8667352038.0,13321 north meridian avenue suite 110,oklahoma city,ok,73120,US,8669212392.0,0.7475,1,1,0.87,"High similarity score and baseline match, addresses nearly identical, only suite detail differs.",1,1
1.0,5980 cattleridge boulevard,sarasota,floor,34232,US,9413792729.0,5980 cattleridge boulevard,sarasota,floor,34232,US,9413792729.0,0.7999999999999999,1,1,0.999,"Perfect match on address, city, postcode, and phone number.",1,1
0.0,calle morelos 805,guadalajara,,44100,MX,523344444859.0,calle camarena 141,guadalajara,,44160,MX,523339159117.0,0.551548763038665,0,0,0.9,Different street names and phone numbers; cities and countries match but score and baseline say different places.,1,1
1.0,413 pulaski highway,joppa,md,210853610,US,4106791000.0,413 pulaski highway,joppa,md,21085,US,4106791064.0,0.8272789179981882,1,1,0.87,"High similarity and baseline match, with identical street address and city; phone numbers are from the same exchange.",1,1
1.0,36 high street,sutton,eng,SM11HF,GB,442087703560.0,36 high street,sutton,,SM11HF,GB,2087703560.0,0.85,1,1,0.95,All address fields and phone numbers match exactly.,1,1
0.0,59 babbacombe downs road,torquay,eng,TQ13LP,GB,441803316200.0,33 35 babbacombe downs road,torquay,eng,TQ13,GB,447391122365.0,0.4834955108987638,0,0,0.48,"low similarity, baseline 0, street numbers differ",1,1
1.0,820 northeast park street,okeechobee,floor,34972,US,8638246101.0,820 northeast park street,okeechobee,floor,34972,US,8638246101.0,0.95,1,1,1.0,All address fields and phone numbers are identical,1,1
1.0,201 abraham flexner way suite 102,louisville,ky,40202,US,5025608300.0,201 abraham flexner way suite 102,louisville,ky,40202,US,5025608300.0,0.9259517868183345,1,1,1.0,All address fields and phone numbers are identical.,1,1
1.0,1404 lawrenceville suwanee road,lawrenceville,ga,300434343,US,7709627333.0,1404 lawrenceville suwanee road suite 104,lawrenceville,ga,30043,US,7709627333.0,0.920038441807712,1,1,0.95,"High similarity, baseline match, identical street numbers, names, cities, regions, countries, and phone numbers; differing only in unit detail.",1,1
0.0,300 9th avenue,beaver falls,pa,15010,US,7248461440.0,300 9th avenue,beaver falls,pa,15010,US,7248431000.0,0.6289152033561846,0,1,0.95,Identical address components and high similarity score indicate the same place despite different phone numbers.,0,1
1.0,366 field street,greenville,sc,296013562,US,8559729090.0,366 field street,greenville,sc,29601,US,8559729090.0,0.8773209523368751,1,1,0.99,identical street number street city phone and country with only a trailing zip digits difference,1,1
0.0,1220 tasman drive,sunnyvale,ca,940892400,US,4089620506.0,1257 tasman drive,sunnyvale,ca,940892250,US,,0.6054190189764818,0,0,0.8,Different street numbers (1220 vs 1257) outweigh matching city/postcode/region/country.,1,1
1.0,piazza vittorio emanuele ii 9,belluno,34,32100,IT,39043725271.0,piazza vittorio emanuele ii 12,belluno,bl,32100,IT,43725271.0,0.55,0,0,0.9,Street numbers differ (9 vs 12) despite same city and postcode.,0,0
1.0,14200 1st avenue south,burien,wa,981683430,US,2063600444.0,14200 1st avenue south suite b,burien,wa,98168,US,2063600444.0,0.8866619495658595,1,1,0.95,"High similarity, matching baseline, cities and phone identical; only minor suite suffix difference does not change physical place.",1,1
1.0,38 fore street,torquay,eng,TQ14LX,GB,441803494001.0,38 fore street street marychurch,torquay,,TQ14LX,GB,1803494001.0,0.7285714285714286,1,1,0.95,"Same street number, street, city, postcode, and equivalent phone numbers confirm the same place.",1,1
1.0,1766 palo verde avenue,east palo alto,ca,96303,US,4089844462.0,1766 palo verde avenue,east palo alto,ca,96303,US,4089844462.0,0.95,1,1,0.99,High similarity score predicts match and every address component plus phone number are identical.,1,1
1.0,1st floor muthu complex no 3 117 gst main road,,,625006,IN,918929113279.0,no 3 117 1st floor muthu complex gst road thiru nagar,madurai,tamil nadu,625006,IN,8001036369.0,0.6799999999999999,1,1,0.95,"Same postcode, same numeric address components (3,117), and same building description; only city name differs but local knowledge confirms GST Road runs through Madurai; high similarity score and baseline pred also indicate match.",1,1
0.0,3rd floor rajapushpa business center kondapur,hyderabad,telangana,500084,IN,6194420600.0,3rd floor rajapushpa business center kondapur,hyderabad,telangana,500084,IN,6194420600.0,0.8958650793650794,1,1,1.0,All address components and phone numbers are identical.,0,0
1.0,pye cor,,,BS161SE,GB,441454776098.0,pye corner,bristol,,BS161SE,GB,1454776098.0,0.7738461538461539,1,1,0.98,"identical postcode, same street name variant, matching phones, similarity >0.77",1,1
1.0,4751 southwest 42nd terrace,fort lauderdale,floor,33314,US,9543470374.0,4751 southwest 42nd terrace,fort lauderdale,floor,33314,US,9547194532.0,0.6545525942294375,1,1,0.85,All address fields match and high similarity score overrides the differing phone numbers.,1,1
1.0,seoulsi yongsangu ceongparo49gil 99,yongsan district,,04312,KR,220777052.0,ceongpadong2ga 53 12,,,,KR,220777755.0,0.3008376623376623,0,0,0.65,"similarity 0.30 is low, baseline pred is 0, and address components differ (street numbers, street names, postcode).",0,0
1.0,kaltenkirchener siedlung 3,putlitz,,16949,DE,493022005500.0,kaltenkirchener siedlung 3,putlitz,brandenburg,16949,DE,3022005500.0,0.79689216014613,1,1,0.99,identical address components and equivalent phone numbers,1,1
1.0,westbahnstrasse 55,street valentin,lower austria,4300,AT,7435581930.0,westbahnstrasse 55,sankt valentin,lower austria,4300,AT,7435581930.0,0.9510382248017828,1,1,0.99,"identical address street/number/region/postcode/country, identical phone number; city name difference is minor regional spelling variant.",1,1
0.0,12623 eckel junction road suite 2600 entrance c,perrysburg,oh,43551,US,4198858449.0,12623 eckel junction road,perrysburg,oh,43551,US,5673681000.0,0.6850108793485655,1,1,0.95,"High similarity score, baseline 1, and matching street number/name/city/postcode/country indicate same place despite different unit descriptors and phones.",0,0
1.0,600 east army post road,des moines,ia,503155931,US,5156509354.0,600 east army post road,des moines,ia,50315,US,5156509354.0,0.9,1,1,0.99,identical addresses and phone numbers indicate the same place,1,1
0.0,310 east 75th street,new york,ny,100210127,US,6463421251.0,342 east 77th street,new york,ny,100752401,US,2125979555.0,0.5950287397641196,0,0,0.95,Street numbers and names differ; similarity score is below typical match threshold.,1,1
0.0,6550 fannin street,houston,tx,770302701,US,7134411100.0,6560 fannin street scurlock suite 1950,houston,tx,77030,US,7134414280.0,0.6408323573820246,1,0,0.95,different street numbers (6550 vs 6560) and different phone numbers indicate separate locations,1,0
0.0,attundavagen 1,taby,,18334,SE,4687584814.0,akerbyvagen 4,taby,,18334,SE,850382760.0,0.4675911838559754,0,0,0.95,Different street names and numbers; phones differ; similarity and baseline both 0.,1,1
1.0,1601 north 32nd street,muskogee,ok,744012248,US,9189105253.0,1601 north 32nd street,muskogee,ok,74401,US,9189105253.0,0.87339216014613,1,1,0.99,"All key address components, including street number, street, city, country, phone number, and region match exactly; only zip code trailing zeros trimmed, which is expected.",1,1
1.0,5909 breckenridge parkway,tampa,floor,336104237,US,8133591293.0,5909 breckenridge parkway suite g,tampa,floor,33610,US,8133591293.0,0.8975000000000001,1,1,0.95,"Both records share identical street, city, country and phone numbers; only a suite suffix differs.",1,1
1.0,7230 west north avenue,elmwood park,il,60707,US,7083955880.0,7230 west north avenue,elmwood park,il,60707,US,7083955880.0,1.0,1,1,1.0,All fields identical across records.,1,1
0.0,office first floor center point plaza 57 58 mini river view commercial phase 7 bahria town rawalpindi,islamabad,,44000,PK,923366667333.0,office no 101 1st floor plot no 12 malik heights midway commercial main bahria expressway phase 7 rawalpindi,rawalpindi,,46000,PK,923005123279.0,0.4836248844764704,0,0,0.82,Cities differ (Islamabad vs Rawalpindi) and addresses describe distinct buildings in different parts of Phase-7 Bahria Town.,1,1
1.0,320 high tide drive suite 101,street augustine beach,floor,32080,US,9046082936.0,320 high tide drive 101,saint augustine,floor,32080,US,9048252351.0,0.8210294117647058,1,0,0.85,similarity high but predicted different place and phone numbers differ,0,1
1.0,84 bosco nagar opp kirstujyothi colleget c playa main road bangalore 560036,bangalore,karnataka,560036,IN,9877037733.0,shop no 20 near anugrah hospital next to ak food super market govinda chetty palya electroniccit 560099,bangalore,karnataka,560099,IN,9877037733.0,0.6031914893617022,0,0,0.95,Distinct postcodes and dissimilar street details despite identical phone numbers indicate different places.,0,0
0.0,370 main street,winkler,mb,R6W4B2,CA,2043259595.0,555 north railway avenue,winkler,mb,R6W,CA,2043258777.0,0.3284771893879863,0,0,0.85,Low similarity and mismatched street numbers and names outweigh same city/region.,1,1
1.0,ladau 273,krumbach,,6942,AT,4355138640.0,ladau 273,krumbach,,6942,AT,55138640.0,0.75,1,1,0.95,"Identical street number and name, city, postcode, country; phone numbers differ only by Austrian international prefix +43.",1,1
0.0,cherating river,kampong cherating,,,MY,60132152708.0,lot 367 kampong cherating lama,kampong baharu cherating,,26080,MY,6095819248.0,0.4312731637151542,0,0,0.9,"Different street-level addresses, cities, and phone numbers indicate distinct places despite both being in the Cherating area of Malaysia.",1,1
1.0,lushes bungalpw,sturminster newton,,DT101HD,GB,8002980079.0,lushes bungalow,sturminster newton,,DT101HD,GB,7527113664.0,0.7572427922954239,1,1,0.93,"High similarity score, baseline match 1, identical city/postcode/country, and minor address spelling difference is clearly a typo.",1,1
0.0,3rd floor rajapushpa business center kondapur,hyderabad,telangana,500084,IN,4048687888.0,3rd floor rajapushpa business center kondapur,hyderabad,telangana,500084,IN,6194420600.0,0.7458650793650794,1,1,0.75,All address components match and baseline prediction is 1; phone numbers differ slightly lowering confidence.,0,0
1.0,200 west i65 service road south,mobile,al,36608,US,2513437101.0,200 west i65 service road south,mobile,al,36608,US,2513437101.0,1.0,1,1,1.0,All address components and phone numbers are identical.,1,1
1.0,3105 grand avenue,ames,ia,50010,US,5152331736.0,3015 grand avenue,ames,ia,50010,US,5152331345.0,0.6699999999999999,1,0,0.7,"Street numbers differ (3105 vs 3015) and phone numbers differ, outweighing the similarity score and baseline prediction.",0,1
1.0,849 via del castello street,henderson,nv,89011,US,7029035137.0,849 via del castello,henderson,nv,89011,US,7029035137.0,0.7999999999999999,1,1,0.95,"High similarity, baseline match 1, identical address components and phone.",1,1
1.0,3200 handley ederville road,richland hills,tx,761185813,US,8179212222.0,3200 handley ederville road,richland hills,tx,76118,US,8179212222.0,0.85,1,1,0.95,"Identical address, city, region and phone; only postcode suffix differs (58 suffix stripped).",1,1
0.0,60 railroad place,saratoga springs,ny,128663007,US,5185841531.0,497 broadway,saratoga springs,ny,12866,US,5185841775.0,0.4129016362196256,0,0,0.95,Different street numbers and street names; similarity score and baseline pred both low.,1,1
0.0,3400 55th street northwest,rochester,mn,559010123,US,5072808270.0,3400 55th street northwest,rochester,mn,55901,US,5072808270.0,0.8506942036068307,1,1,0.99,"high similarity, baseline match, and all address/phone fields identical",0,0
1.0,11001 north port washington road,mequon,wi,53092,US,2622418800.0,11001 north port washington road,mequon,wi,53092,US,2622418800.0,0.95,1,1,1.0,All address components and phone numbers match exactly.,1,1
1.0,100 bluewater parkway,,,DA99ST,GB,442080545400.0,bluewater bluewater parkway,greenhithe,,DA99ST,GB,2045126671.0,0.3999999999999999,0,0,0.8,"similarity low, baseline says different, street numbers mismatch, phone numbers differ",0,0
0.0,157 atlantis boulevard,atlantis,floor,334621155,US,5619688627.0,180 john f kennedy drive suite 250,atlantis,floor,33462,US,5619358000.0,0.5127121435786042,0,0,0.9,Different street numbers and street names outweigh same city/postcode; low similarity score supports separate places.,1,1
1.0,6320 capital boulevard,raleigh,nc,276162959,US,8552497667.0,6320 capital boulevard,raleigh,nc,27616,US,9199177030.0,0.6596062973602672,1,1,0.9,Same street number/name and cities; only phone differs (still plausible for same entity).,1,1
0.0,91 candleriggs,glasgow,sct,G11,GB,441414064562.0,merchant square 71 albion street,glasgow,sct,G11,GB,1415523400.0,0.3730352887706687,0,0,0.95,Similarity low and baseline pred is 0; street names and numbers differ; phone numbers do not match.,1,1
1.0,24202 cinco ranch boulevard,katy,tx,774942986,US,2813925444.0,24202 cinco ranch boulevard,katy,tx,77494,US,2813925444.0,0.8748755566536505,1,1,0.99,"identical street, city, phone; only trailing zip digits differ",1,1
1.0,5357 west court street,monee,il,60449,US,7085343825.0,5357 west court street,monee,il,60449,US,7085343825.0,0.95,1,1,1.0,"All address fields and phone numbers are identical, confirming the same physical place.",1,1
0.0,7823 spivey station boulevard,jonesboro,ga,30236,US,6783644444.0,7823 spivey station boulevard,jonesboro,ga,30236,US,8332759355.0,0.4999999999999999,0,1,0.83,Every address component matches; phone mismatch slightly lowers confidence but not enough to override the identical location data.,0,1
0.0,porlammintie 1,loviisa,southern finland,07810,FI,20080100.0,porlammintie 1,ingermaninkyla,uusimaa,07810,FI,20080100.0,0.7383671529848858,1,1,0.9,Identical address and phone number despite different city names (both mapped to same postcode).,0,0
0.0,91 elliot street,brock,on,L0E,CA,6139226984.0,95 elliot street,brock,on,L0E,CA,7054322582.0,0.6064029661586123,0,0,0.92,Street numbers differ (91 vs 95) despite high similarity.,1,1
0.0,5950 university avenue,west des moines,ia,50266,US,5158759000.0,5950 university avenue,west des moines,ia,50266,US,5158759766.0,0.6764957514235894,1,1,0.95,Identical address components and baseline prediction confirm same place despite slightly different phone numbers.,0,0
1.0,1201 highway 70 west,newton,nc,28658,US,8284647045.0,1201 highway 70 west,newton,nc,28658,US,8284647045.0,0.962373978327948,1,1,0.999,identical address and phone number confirm the same location,1,1
0.0,677 church street northeast,marietta,ga,30060,US,7707939300.0,677 church street northeast,marietta,ga,30060,US,7707935000.0,0.6852552722998377,1,1,0.9,Addresses match exactly and baseline prediction is 1; phone numbers differ slightly but not enough to override strong similarity and identical location.,0,0
0.0,avenida insurgentes sur 1855,alvaro obregon,cmx,01020,MX,525632512859.0,pachuca,mexico city,,11230,MX,525538871344.0,0.381625078762098,0,0,0.95,Cities differ and street data do not match; phone numbers also differ.,1,1
1.0,9 amy croft drive,tecumseh,on,N8N2L9,CA,5199967335.0,9 amy croft drive,windsor,on,N8N2L9,CA,5199967335.0,0.9269002015799586,1,0,0.85,"Same street, postcode, phone, and country, but cities differ (Tecumseh vs Windsor).",0,1
0.0,1414 mission street,south pasadena,ca,910303214,US,6264037220.0,800 foothill boulevard,la canada flintridge,ca,910113336,US,6267926397.0,0.3029809021646436,0,0,0.95,"Different street numbers, street names, cities and phones; low similarity score and baseline prediction are zero.",1,1
1.0,2999 northeast 191st street ph6,miami,floor,33180,US,3053402191.0,2999 northeast 191st street ph 6,miami,floor,33180,US,3053402191.0,0.996,1,1,0.998,Perfect address and phone match with high similarity score.,1,1
1.0,11111 florence avenue downey ca,downey,ca,90241,US,5624454838.0,11111 florence avenue,downey,ca,90241,US,5624454838.0,1.0,1,1,1.0,"Identical street number, street name, city, postcode, country, and phone.",1,1
0.0,307 park avenue,,,80829,US,7196854407.0,727 manitou avenue,manitou springs,,808291809,US,7196850220.0,0.3951240068110763,0,0,0.9,Different street numbers and street names; cities differ; similarity low and baseline predicts 0.,1,1
1.0,11107 violeta street,ventura,ca,930041913,US,8059836400.0,11107 violeta street,ventura,ca,93004,US,8059836400.0,0.9,1,1,0.95,"identical street address, city, region, phone; only 5-digit vs 9-digit ZIP difference",1,1
1.0,2314 bloor street west,toronto,on,M6S1P2,CA,4169009294.0,2314 bloor street west,toronto,on,M6S1P2,CA,4169009294.0,0.95,1,1,0.99,All address components and phone numbers match exactly.,1,1
1.0,,huizhou,,,CN,,Xi Hu,huizhou,,,CN,,0.6391698270890973,1,1,0.64,"same city and country, baseline prediction 1, similarity score supports match",1,1
0.0,54423 village center drive,idyllwild,ca,92549,US,9516590163.0,54391 village center drive suite 6,idyllwild,ca,92549,US,9516592135.0,0.5932962239139568,0,0,0.6,Different street numbers (54423 vs 54391) and phone numbers outweigh shared city/postcode.,1,1
1.0,1000 trancas street,napa,ca,94558,US,7072524411.0,1000 trancas street,napa,ca,94558,US,7072524411.0,1.0,1,1,1.0,all fields and phone numbers match exactly,1,1
0.0,201 erie street,grove city,pa,16127,US,7244588044.0,236 blair street,grove city,pa,161271502,US,7244500343.0,0.5704263674835057,0,0,0.9,"Different street numbers and names; similarity score low, baseline prediction 0, phone numbers differ.",1,1
1.0,51 smart avenue,yonkers,ny,107041150,US,9143753009.0,51 smart avenue suite 200,yonkers,ny,10704,US,9143753009.0,0.8975000000000001,1,1,0.98,"Identical street number, street name, city, postcode root, country and phone; only suite detail differs",1,1
1.0,3701 mckinley parkway suite 1066,blasdell,ny,14219,US,7168276985.0,3701 mckinley parkway,buffalo,ny,14219,US,7168231787.0,0.6453260869565216,1,1,0.75,"Addresses are same street & postcode, cities are interchangeable suburbs, high similarity & baseline agree.",1,1
1.0,15133 hall road,shelby twp,mi,483156207,US,5862474992.0,15133 hall road,shelby township,mi,48315,US,5862474992.0,0.6714285714285714,1,1,0.98,"Identical street address, phone, and region; city name variation is purely stylistic (shelby twp vs shelby township).",1,1
0.0,avenida juiz marco tulio isaac 1119,betim,mg,32604345,BR,553132682168.0,avenue arthur da silva bernardes 215 inga,betim,mg,32604475,BR,3135958588.0,0.2822352941176471,0,0,0.9,Different street names and numbers override high similarity score.,1,1
0.0,8310 wilkens boulevard,mason,oh,450407364,US,5137709824.0,8310 wilkens boulevard,mason,oh,45040,US,5132340660.0,0.5992496392496391,0,1,0.97,"High similarity score, baseline 0 overridden by identical addresses and same city/postcode/country; phone numbers differ but are local numbers for the same locale, so match stands.",0,1
1.0,20052 brooks street,dunnellon,floor,344328344,US,3525335234.0,20052 brooks street,dunnellon,floor,34432,US,3525335234.0,0.8755394862909541,1,1,0.96,"High similarity score and prediction, all address components and phone match despite minor postcode difference.",1,1
1.0,11294 us 70 business highway west,clayton,nc,27520,US,9195508487.0,11928 us highway 70 west,clayton,nc,27520,US,9195508487.0,0.92,1,0,0.7,street numbers differ and similarity <1 confirms distinct addresses,0,1
0.0,rua do barranco 70,lagoa,,8400508,PT,,r do barranco nr 50,,,8400508,PT,351282041985.0,0.4385273522627321,0,0,0.85,Street numbers differ (70 vs 50) so they are different places despite high similarity and shared postcode.,1,1
1.0,571 bronson avenue,ottawa,on,K1R6K2,CA,6132355181.0,571 bronson avenue,ottawa,on,K1R7R7,CA,6132355181.0,0.970967741935484,1,1,0.99,"High similarity, baseline match=1, identical street/city/country/phone, only 1-digit postcode difference likely typo.",1,1
0.0,125 church street,pembroke,ma,02359,US,7818266179.0,125 church street,pembroke,ma,02359,US,7818266179.0,0.9197856142310668,1,1,0.99,all address fields and phone identical; high similarity and baseline agree.,0,0
0.0,12960 middlebrook road suite 520 a,germantown,md,20874,US,3015158153.0,12960 middlebrook road suite 520 a,germantown,md,20874,US,3015158153.0,0.8452367156841253,1,1,0.99,Similarity 0.85 and positive baseline are supported by identical addresses and phone numbers.,0,0
0.0,200 seneca street,bloomfield,mo,638259600,US,5735683626.0,400 north prairie street,bloomfield,mo,638259570,US,5735683464.0,0.4338168904290564,0,0,0.95,"Street numbers and names differ while cities match, confirming different places.",1,1
1.0,439 west coliseum boulevard,fort wayne,in,468051010,US,2604713144.0,439 west coliseum boulevard,fort wayne,in,46805,US,2604713144.0,0.7,1,1,0.99,"all fields match except a trailing zip+4 zero, and phones identical",1,1
1.0,ulica fabryczna 2,lublin,06,20301,PL,48814450505.0,fabryczna 2,lublin,woj lubelskie,20301,PL,814450505.0,0.6670237390934985,1,1,0.95,"High similarity score and baseline match, identical street name, number, city, postcode, country, and matching phone numbers.",1,1
1.0,180 river road,lisbon,court,06351,US,8603763254.0,180 river road,lisbon,court,06351,US,8603768403.0,0.7059103787696117,1,1,0.85,"Identical address, city, region, post and country; phone mismatch minor.",1,1
0.0,1 medical center boulevard 9th floor,winston salem,nc,27157,US,3367164101.0,1 medical center boulevard,winston salem,nc,27157,US,3367164101.0,0.963639607356556,1,1,0.96,"Same address, city, postcode and phone; only floor detail differs.",0,0
1.0,301 northwest 82nd avenue,plantation,floor,333241811,US,9546938600.0,301 north west 82nd avenue,plantation,floor,33324,US,9546938600.0,0.8961038961038962,1,1,0.95,"High similarity score, baseline prediction 1, and identical addresses with matching phone number confirm same place.",1,1
0.0,250 vesey street 203,new york,ny,10281,US,6466185392.0,200 liberty street wfc world financial c enter,new york,ny,10281,US,2125879512.0,0.693249949415684,1,0,0.65,Addresses differ in street numbers and names; differing phones also point to different places.,1,0
1.0,4120 west wall street,midland,tx,79703,US,4326531797.0,4120 west wall street,midland,tx,79703,US,4326992352.0,0.85,1,1,0.9,High similarity and baseline pred with identical address; only phone differs.,1,1
0.0,,,,,TR,,112 sok gul ismerkezi kat 1,,,34760,TR,2125823281.0,0.1258919064171588,0,0,0.1258919064171588,"Low similarity, baseline is different, no matching address details",1,1
0.0,601 north elm street 8th floor,high point,nc,27262,US,3368786888.0,404 west westwood avenue suite 201,high point,nc,27262,US,3367166673.0,0.3964060198568837,0,0,0.6,Different street addresses and phone numbers; similarity below typical match threshold.,1,1
0.0,524 beaumont road,fayetteville,nc,28304,US,9106154845.0,1219 walter reed road,fayetteville,nc,28304,US,9106153350.0,0.4847203486885675,0,0,0.95,"Similarity low, baseline says 0, and street addresses differ.",1,1
1.0,38232 5th avenue,zephyrhills,floor,33542,US,8134525382.0,38232 5th avenue,zephyrhills,floor,33542,US,3523530299.0,0.8374544971300925,1,1,0.94,All address components match and similarity+baseline indicate match despite different phone numbers.,1,1
1.0,309 engle street,englewood,nj,076311822,US,2015697737.0,309 engle street 726,englewood,nj,07631,US,2015697737.0,1.0,1,1,0.95,"Identical street number, name, city, phone and overlapping postcode indicate the same location.",1,1
1.0,7430 natural bridge road,street louis,mo,63121,US,3143891616.0,7430 natural bridge road,normandy,mo,63121,US,3143835400.0,0.7490566037735849,1,0,0.85,Different phone numbers and different cities (St. Louis vs Normandy) indicate separate businesses.,0,1
1.0,2604 north main street,belton,tx,76513,US,2549397664.0,2604 north main street,belton,tx,76513,US,2549331766.0,0.75,1,1,0.95,all address fields identical,1,1
1.0,444 wiley parker road,jackson,tn,38305,US,7316646464.0,444 wiley parker road,jackson,tn,38305,US,7316646464.0,0.9829296588341728,1,1,0.98,All address components and phone number identical; high similarity score and baseline match confirm match.,1,1
0.0,Chang Xing Si 5 17 1,toyota,23,4710879,JP,81565359716.0,Ai Zhi Xian Li Tian Shi Chang Xing Si 5Ding Mu 17 1,Li Tian Shi,,4710879,JP,81565350119.0,0.5906778405428351,0,0,0.85,Cities differ (toyota vs li tian shi) and street numbers effectively differ (5 vs 5ding mu); similarity below 0.6 corroborates different places.,1,1
0.0,,onteniente,,,ES,34681683761.0,placa de la concepcio 27,ontinyent,,46870,ES,34962912892.0,0.4100229296208125,0,0,0.85,"Different phone numbers and the address is missing from Record A; city names 'onteniente' vs 'ontinyent' differ, so considered different places.",1,1
1.0,108 fm 1821,mineral wells,tx,76067,US,9403256961.0,108 fm 1821,mineral wells,tx,76067,US,9403256961.0,1.0,1,1,1.0,All address fields and phone numbers are identical.,1,1
0.0,33 east genesee street,skaneateles,ny,13152,US,8007242440.0,33 east genesee street,skaneateles,ny,13152,US,3155542220.0,0.72339216014613,1,1,0.96,"High similarity, baseline 1, and all address components match; phone difference is minor.",0,0
1.0,3520 singing hills boulevard,sioux city,ia,51106,US,7122947400.0,3520 singing hills boulevard,sioux city,ia,51106,US,7122947400.0,1.0,1,1,1.0,All address fields and phone numbers are identical.,1,1
1.0,40119 murrieta hot springs road,murrieta,ca,925636302,US,9515212434.0,40119 murrieta hot springs road,murrieta,ca,92563,US,9515212434.0,0.85,1,1,0.95,"All address components match except an extra 6302 suffix in the postcode, and the phone numbers are identical.",1,1
0.0,rua jacarezinho 800,ivaipora,pr,86870000,BR,554334723263.0,avenida castelo branco 810,ivaipora,pr,86870000,BR,554334722169.0,0.6034551923481855,0,0,0.85,"Different street names and street numbers, so they are distinct places despite same city and postcode.",1,1
1.0,10300 york road,cockeysville,md,21030,US,4107739357.0,10300 york road,cockeysville,md,21030,US,4107739357.0,0.7999999999999999,1,1,0.99,all address components and phone numbers match exactly,1,1
1.0,habichtstrasse 62,hamburg,,22305,DE,49402351590.0,habichtstr 62 64,hamburg,hamburg,22305,DE,402351590.0,0.67,1,1,0.95,"Same city and postcode, matching phone number, and identical street name with only minor suffix difference.",1,1
1.0,305 cedar lane,fort oglethorpe,ga,307423361,US,4233219573.0,305 south cedar lane,fort oglethorpe,ga,30742,US,4233219573.0,0.9,1,1,0.95,"High similarity and prediction 1, addresses match except for optional direction prefix, phone numbers identical.",1,1
1.0,1116 louisiana avenue,new orleans,la,70115,US,8007425877.0,1116 louisiana avenue,new orleans,la,70115,US,8007425877.0,1.0,1,1,1.0,identical address and phone,1,1
1.0,1 higher shaftesbury road,blandford forum,eng,DT118ST,GB,443330323100.0,unit 5a sunrise business park higher shaftesbury road,blandford forum,,DT118ST,GB,1258459367.0,0.6352551020408163,1,0,0.95,"Cities and postcodes match, but street numbers differ (1 vs unit 5a) and phone numbers are different.",0,1
0.0,55 river drive south,jersey city,nj,073101712,US,8774082349.0,35 river drive south,jersey city,nj,07310,US,8443886915.0,0.5297091540170976,0,0,0.82,street numbers differ (55 vs 35) while other components align,1,1
1.0,120 lafayette road,hampton falls,nh,03844,US,6039674267.0,120 lafayette road,hampton falls,nh,03844,US,6039265500.0,0.7813648211850814,1,1,0.88,"Same street, city, postcode plus high similarity score and baseline match; phones differ but location is identical.",1,1
0.0,rua floriano peixoto 320,blumenau,sc,89010506,BR,554733227024.0,rua angelo dias 57,blumenau,sc,89010020,BR,554733267500.0,0.408584617219997,0,0,0.35,"Low similarity score, baseline predicts different, street numbers and names differ, cities and country match.",1,1
1.0,17330 state route 247,seaman,oh,456799417,US,9378923037.0,17330 state route 247,seaman,oh,45679,US,9378923037.0,1.0,1,1,1.0,identical address components and phone number,1,1
1.0,bath road,newbury,,RG141QT,GB,163534568.0,bath road,newbury,,RG141QT,GB,163534568.0,0.92,1,1,1.0,All address components and phone numbers identical.,1,1
0.0,alparslan caddesi 30,kucukcekmece,,34290,TR,905466120151.0,,,,,TR,,0.1336723724004336,0,0,0.1336723724004336,Record B lacks any address details to confirm a match.,1,1
1.0,1766 palo verde avenue,east palo alto,ca,96303,US,4089844462.0,1766 palo verde avenue,east palo alto,ca,96303,US,4089844462.0,0.9241512268515352,1,1,0.999999,"All address fields and phone numbers are identical, and the similarity score is near one.",1,1
1.0,601 south main street,grapevine,tx,760515382,US,8174165577.0,601 south main street suite 100,grapevine,tx,76051,US,8174165577.0,0.6975,1,1,0.98,"High similarity, matching baseline, identical street number/name/city/phone; suite variation is immaterial.",1,1
0.0,105 brighton landing drive,grovetown,ga,308130229,US,7063502111.0,7025 hummingbird drive,grovetown,ga,308130748,US,7065743111.0,0.3939879664279841,0,0,0.95,Different street numbers and street names confirm distinct places despite same city.,1,1
0.0,spitalgasse 9,kulmbach,bayern,95326,DE,6991010000.0,albert ruckdeschel strasse 16,kulmbach,,95326,DE,4918023333.0,0.3647994117138183,0,0,0.98,Different street names and numbers; similarity low and baseline pred 0.,1,1
1.0,494 big bay point road,barrie,on,L4N3Z5,CA,7057251501.0,unit 4 494 big bay point road barrie,barrie,on,L4N3Z5,CA,7057251501.0,0.916186869049614,1,1,0.98,"High similarity, baseline match, identical phone, and address components match despite unit prefix.",1,1
1.0,1583 highway 10 west,detroit lakes,mn,56501,US,2188477244.0,1583 highway 10 west,detroit lakes,mn,56501,US,2188471126.0,0.7059103787696117,1,0,0.85,"Same address but phone numbers differ, indicating different businesses at the same location.",0,1
0.0,3 walnut street suite 102,lemoyne,pa,17043,US,7172327593.0,3 walnut street suite 100,lemoyne,pa,17043,US,7179880234.0,0.6880924412558714,1,0,0.65,Suite numbers differ (102 vs 100) and similarity is below high-confidence threshold.,1,0
0.0,9591 laguna springs drive,elk grove,ca,95758,US,9166912793.0,9591 laguna springs drive,elk grove,ca,95758,US,7072086988.0,0.817829083223053,1,1,0.99,All address components match and similarity score is high; phone difference alone is acceptable for the same location.,0,0
1.0,1766 palo verde avenue,east palo alto,ca,96303,US,4089844462.0,1766 palo verde avenue,east palo alto,ca,96303,US,4089844462.0,0.9,1,1,1.0,Records have identical address fields and phone numbers.,1,1
0.0,3rd floor rajapushpa business center kondapur,hyderabad,telangana,500084,IN,4048687888.0,3rd floor rajapushpa business center kondapur,hyderabad,telangana,500084,IN,6194420600.0,0.7458650793650794,1,1,0.87,"high similarity score and baseline match, all address components identical",0,0
